File1,File2,Folder,Device,freq_MHz,relStr_dB,strDiff_dB,relDist_Hz,width_Hz,phase_rad,autoCorrelation_lag-2,alpha,alpha_mean,flux,freq_MHz_2,relStr_dB_2,strDiff_dB_2,relDist_Hz_2,width_Hz_2,phase_rad_2,autoCorrelation_lag-2_2,alpha_2,alpha_mean_2,flux_2
arduino1_antenna_powersave_0_288-1MHz.iq,arduino1_antenna_powersave_0_304-1MHz.iq,/home/jfeng/Desktop/Research/Fingerprinting/samplerScript/Round6/Morning,Arduino 1,288013350.3,28.72083257,0,0,106.8147832,NaN,-0.5701989546,84,84,4.63E-09,304014098,40.47237848,70.96403436,-16000747.7,61.03701895,NaN,-0.5544814474,5,5,9.08E-09
arduino1_antenna_powersave_0_288-1MHz.iq,arduino1_antenna_powersave_0_304-1MHz.iq,/home/jfeng/Desktop/Research/Fingerprinting/samplerScript/Round6/Morning,Arduino 1,288013350.3,30.77998851,0,0,61.03701895,NaN,-0.5702104486,84,84,4.71E-09,304014098,39.72701224,77.47873996,-16000747.7,106.8147832,NaN,-0.5544358047,58,58,8.97E-09
arduino1_antenna_powersave_0_288-1MHz.iq,arduino1_antenna_powersave_0_304-1MHz.iq,/home/jfeng/Desktop/Research/Fingerprinting/samplerScript/Round6/Morning,Arduino 1,288013350.3,24.96574977,0,0,76.29627371,NaN,-0.570226668,15,15,3.57E-09,304014098,40.05624323,62.326738,-16000747.7,91.5555284,NaN,-0.5544207171,95,95,8.25E-09
arduino1_antenna_powersave_0_288-1MHz.iq,arduino1_antenna_powersave_0_304-1MHz.iq,/home/jfeng/Desktop/Research/Fingerprinting/samplerScript/Round6/Morning,Arduino 1,288013350.3,21.64209897,0,0,76.29627365,NaN,-0.5700382343,84,16,3.23E-09,304014098,38.99487685,55.49985208,-16000747.7,61.03701895,NaN,-0.5543760145,17,17,7.63E-09
arduino1_antenna_powersave_0_288-1MHz.iq,arduino1_antenna_powersave_0_304-1MHz.iq,/home/jfeng/Desktop/Research/Fingerprinting/samplerScript/Round6/Morning,Arduino 1,288013350.3,20.95764626,0,0,76.29627365,NaN,-0.5700691874,85,85,3.12E-09,304014098,39.2595668,53.3822657,-16000747.7,76.29627365,NaN,-0.5544135895,53,53,8.56E-09
arduino1_antenna_powersave_0_288-1MHz.iq,arduino1_antenna_powersave_0_304-1MHz.iq,/home/jfeng/Desktop/Research/Fingerprinting/samplerScript/Round6/Morning,Arduino 1,288013350.3,22.57665772,0,0,106.8147832,NaN,-0.5699774052,84,84,3.20E-09,304014098,39.65155272,56.93763843,-16000747.7,76.29627365,NaN,-0.554473135,116,116,8.18E-09
arduino1_antenna_powersave_0_288-1MHz.iq,arduino1_antenna_powersave_0_304-1MHz.iq,/home/jfeng/Desktop/Research/Fingerprinting/samplerScript/Round6/Morning,Arduino 1,288013350.3,30.5001232,0,0,61.03701895,NaN,-0.5702013029,85,85,4.85E-09,304014098,39.79170976,76.64944127,-16000747.7,76.29627365,NaN,-0.5544478619,15,15,7.79E-09
arduino1_antenna_powersave_0_288-1MHz.iq,arduino1_antenna_powersave_0_304-1MHz.iq,/home/jfeng/Desktop/Research/Fingerprinting/samplerScript/Round6/Morning,Arduino 1,288013350.3,30.3083749,0,0,76.29627365,NaN,-0.5702647922,85,85,4.66E-09,304014098,39.36401226,76.99513632,-16000747.7,61.03701895,NaN,-0.5544186436,29,32,7.92E-09
arduino1_antenna_powersave_1_288-1MHz.iq,arduino1_antenna_powersave_1_304-1MHz.iq,/home/jfeng/Desktop/Research/Fingerprinting/samplerScript/Round6/Morning,Arduino 1,288013350.3,30.14423842,0,0,183.1110569,NaN,-0.5711587209,85,85,4.84E-09,304014098,39.71174193,75.90762065,-16000747.7,76.29627365,NaN,-0.5544520935,24,24,8.71E-09
arduino1_antenna_powersave_1_288-1MHz.iq,arduino1_antenna_powersave_1_304-1MHz.iq,/home/jfeng/Desktop/Research/Fingerprinting/samplerScript/Round6/Morning,Arduino 1,288013350.3,29.88929753,0,0,122.0740379,NaN,-0.5709682615,84,84,4.94E-09,304014098,39.84620268,75.01165861,-16000747.7,61.03701895,NaN,-0.5544286815,28,28,8.87E-09
arduino1_antenna_powersave_1_288-1MHz.iq,arduino1_antenna_powersave_1_304-1MHz.iq,/home/jfeng/Desktop/Research/Fingerprinting/samplerScript/Round6/Morning,Arduino 1,288013350.3,30.07225366,0,0,91.5555284,NaN,-0.5710403469,16,16,4.99E-09,304014098,39.83598837,75.49016577,-16000747.7,91.55552846,NaN,-0.5544316339,73,73,9.33E-09
arduino1_antenna_powersave_1_288-1MHz.iq,arduino1_antenna_powersave_1_304-1MHz.iq,/home/jfeng/Desktop/Research/Fingerprinting/samplerScript/Round6/Morning,Arduino 1,288013350.3,31.16583497,0,0,76.29627371,NaN,-0.5709447725,135,135,5.15E-09,304014098,39.3674076,79.16659202,-16000747.7,61.03701895,NaN,-0.5544315398,69,69,9.28E-09
arduino1_antenna_powersave_1_288-1MHz.iq,arduino1_antenna_powersave_1_304-1MHz.iq,/home/jfeng/Desktop/Research/Fingerprinting/samplerScript/Round6/Morning,Arduino 1,288013350.3,31.8618214,0,0,61.03701895,NaN,-0.5710309266,16,16,4.74E-09,304014098,39.80461022,80.0455556,-16000747.7,76.29627365,NaN,-0.5544118061,45,45,8.83E-09
arduino1_antenna_powersave_1_288-1MHz.iq,arduino1_antenna_powersave_1_304-1MHz.iq,/home/jfeng/Desktop/Research/Fingerprinting/samplerScript/Round6/Morning,Arduino 1,288013350.3,32.45740175,0,0,61.03701895,NaN,-0.5708734179,84,84,5.37E-09,304014098,39.84601291,81.45708787,-16000747.7,76.29627365,NaN,-0.5544548829,104,104,8.32E-09
arduino1_antenna_powersave_1_288-1MHz.iq,arduino1_antenna_powersave_1_304-1MHz.iq,/home/jfeng/Desktop/Research/Fingerprinting/samplerScript/Round6/Morning,Arduino 1,288013350.3,31.99881805,0,0,61.03701895,NaN,-0.5710159571,16,16,5.04E-09,304014098,39.93558394,80.12608028,-16000747.7,61.03701895,NaN,-0.5544870779,1,1,8.96E-09
arduino1_antenna_powersave_1_288-1MHz.iq,arduino1_antenna_powersave_1_304-1MHz.iq,/home/jfeng/Desktop/Research/Fingerprinting/samplerScript/Round6/Morning,Arduino 1,288013350.3,32.09068223,0,0,76.29627371,NaN,-0.5709074524,84,84,5.33E-09,304014098,39.70450903,80.82377296,-16000747.7,76.29627365,NaN,-0.5544801564,21,21,8.59E-09
arduino1_antenna_program_0_288-1MHz.iq,arduino1_antenna_program_0_304-1MHz.iq,/home/jfeng/Desktop/Research/Fingerprinting/samplerScript/Round6/Morning,Arduino 1,288013426.6,59.40201731,0,0,1037.629322,2.19E-05,-0.5684224024,11,11,1.06E-07,304014143.8,32.17417727,184.6263754,-16000717.18,76.29627365,NaN,-0.5532476489,11,11,4.47E-09
arduino1_antenna_program_0_288-1MHz.iq,arduino1_antenna_program_0_304-1MHz.iq,/home/jfeng/Desktop/Research/Fingerprinting/samplerScript/Round6/Morning,Arduino 1,288013426.6,59.20253063,0,0,1068.147832,0.0001909824511,-0.5684993104,93,72,1.09E-07,304014143.8,33.2240262,178.1919214,-16000717.18,91.5555284,NaN,-0.5534404973,40,40,4.40E-09
arduino1_antenna_program_0_288-1MHz.iq,arduino1_antenna_program_0_304-1MHz.iq,/home/jfeng/Desktop/Research/Fingerprinting/samplerScript/Round6/Morning,Arduino 1,288013426.6,57.91441257,0,0,1251.258889,-0.0001005473645,-0.5685756878,35,35,9.36E-08,304014143.8,34.30218831,168.8359123,-16000717.18,61.03701895,NaN,-0.5533056992,100,100,4.23E-09
arduino1_antenna_program_0_288-1MHz.iq,arduino1_antenna_program_0_304-1MHz.iq,/home/jfeng/Desktop/Research/Fingerprinting/samplerScript/Round6/Morning,Arduino 1,288013411.4,57.42308595,0,0,1235.999634,0.0005577369761,-0.5686458533,80,80,9.09E-08,304014143.8,37.44118162,153.3687866,-16000732.44,76.29627365,NaN,-0.5534335077,49,77,6.65E-09
arduino1_antenna_program_0_288-1MHz.iq,arduino1_antenna_program_0_304-1MHz.iq,/home/jfeng/Desktop/Research/Fingerprinting/samplerScript/Round6/Morning,Arduino 1,288013411.4,58.87496754,0,0,1190.22187,0.0004498493206,-0.5687015638,46,46,9.63E-08,304014143.8,35.30682079,166.7523901,-16000732.44,122.0740378,NaN,-0.5533543131,56,56,4.43E-09
arduino1_antenna_program_0_288-1MHz.iq,arduino1_antenna_program_0_304-1MHz.iq,/home/jfeng/Desktop/Research/Fingerprinting/samplerScript/Round6/Morning,Arduino 1,288013411.4,59.73527987,0,0,1159.70336,-0.0002939197838,-0.5687494835,95,95,1.11E-07,304014143.8,35.75109206,167.0865879,-16000732.44,61.03701895,NaN,-0.553388041,147,144,4.42E-09
arduino1_antenna_program_0_288-1MHz.iq,arduino1_antenna_program_0_304-1MHz.iq,/home/jfeng/Desktop/Research/Fingerprinting/samplerScript/Round6/Morning,Arduino 1,288013411.4,60.04522021,0,0,1007.110813,0.0002291983206,-0.5687943207,20,20,2.05E-07,304014143.8,35.76179722,167.9032512,-16000732.44,76.29627371,NaN,-0.5534458888,77,77,4.76E-09
arduino1_antenna_program_0_288-1MHz.iq,arduino1_antenna_program_0_304-1MHz.iq,/home/jfeng/Desktop/Research/Fingerprinting/samplerScript/Round6/Morning,Arduino 1,288013411.4,59.91805977,0,0,1190.22187,-0.0003034624636,-0.5688429491,79,79,9.09E-08,304014143.8,35.24835437,169.9882472,-16000732.44,106.8147832,NaN,-0.5535200023,17,17,4.67E-09
arduino1_antenna_program_1_288-1MHz.iq,arduino1_antenna_program_1_304-1MHz.iq,/home/jfeng/Desktop/Research/Fingerprinting/samplerScript/Round6/Morning,Arduino 1,288013396.1,60.36990594,0,0,1327.555162,-0.0003538289954,-0.5691223079,59,59,9.45E-08,304014128.5,34.89770857,172.9910313,-16000732.44,61.03701895,NaN,-0.5536370341,120,37,4.32E-09
arduino1_antenna_program_1_288-1MHz.iq,arduino1_antenna_program_1_304-1MHz.iq,/home/jfeng/Desktop/Research/Fingerprinting/samplerScript/Round6/Morning,Arduino 1,288013396.1,60.2572701,0,0,1464.888455,-0.0001583725881,-0.5691418525,75,75,8.52E-08,304014128.5,36.48953231,165.1357698,-16000732.44,61.03701895,NaN,-0.5536635288,74,74,8.07E-09
arduino1_antenna_program_1_288-1MHz.iq,arduino1_antenna_program_1_304-1MHz.iq,/home/jfeng/Desktop/Research/Fingerprinting/samplerScript/Round6/Morning,Arduino 1,288013396.1,59.87878979,0,0,1312.295907,-0.0001296195688,-0.5691668512,92,92,9.02E-08,304014128.5,35.78953869,167.3080793,-16000732.44,61.03701895,NaN,-0.5537677637,10,72,4.65E-09
arduino1_antenna_program_1_288-1MHz.iq,arduino1_antenna_program_1_304-1MHz.iq,/home/jfeng/Desktop/Research/Fingerprinting/samplerScript/Round6/Morning,Arduino 1,288013396.1,59.23726011,0,0,1342.814417,-5.66E-05,-0.5691904132,35,35,8.32E-08,304014128.5,35.51011078,166.8180099,-16000732.44,61.03701895,NaN,-0.5537567226,42,42,4.43E-09
arduino1_antenna_program_1_288-1MHz.iq,arduino1_antenna_program_1_304-1MHz.iq,/home/jfeng/Desktop/Research/Fingerprinting/samplerScript/Round6/Morning,Arduino 1,288013396.1,58.60184095,0,0,1312.295907,-0.0001414493848,-0.5692123397,74,74,8.69E-08,304014128.5,35.9493,163.0124674,-16000732.44,76.29627371,NaN,-0.5537419956,111,111,4.56E-09
arduino1_antenna_program_1_288-1MHz.iq,arduino1_antenna_program_1_304-1MHz.iq,/home/jfeng/Desktop/Research/Fingerprinting/samplerScript/Round6/Morning,Arduino 1,288013396.1,57.43406952,0,0,1510.666219,1.55E-05,-0.5692286354,7,7,9.12E-08,304014128.5,30.75972601,186.7184041,-16000732.44,137.3332927,NaN,-0.5534820147,93,93,3.12E-09
arduino1_antenna_program_1_288-1MHz.iq,arduino1_antenna_program_1_304-1MHz.iq,/home/jfeng/Desktop/Research/Fingerprinting/samplerScript/Round6/Morning,Arduino 1,288013380.8,57.43788097,0,0,1464.888455,-0.0002601896517,-0.5692503855,23,23,9.13E-08,304014204.8,35.13747823,163.4661446,-16000824,76.29627371,NaN,-0.5521763837,36,36,4.83E-09
arduino1_antenna_program_1_288-1MHz.iq,arduino1_antenna_program_1_304-1MHz.iq,/home/jfeng/Desktop/Research/Fingerprinting/samplerScript/Round6/Morning,Arduino 1,288013380.8,57.71276985,0,0,1312.295907,-0.00029944108,-0.5692657245,74,33,8.71E-08,304014220.1,35.27270526,163.6187795,-16000839.26,76.29627365,NaN,-0.5520053918,106,106,5.20E-09
arduino2_antenna_powersave_0_288-1MHz.iq,arduino2_antenna_powersave_0_304-1MHz.iq,/home/jfeng/Desktop/Research/Fingerprinting/samplerScript/Round6/Morning,Arduino 2,288017210.9,36.42057202,0,0,106.8147832,NaN,-0.4874555017,46,46,9.72E-09,304018080.7,37.58789252,96.89442419,-16000869.78,106.8147832,NaN,-0.4682980879,89,89,6.38E-09
arduino2_antenna_powersave_0_288-1MHz.iq,arduino2_antenna_powersave_0_304-1MHz.iq,/home/jfeng/Desktop/Research/Fingerprinting/samplerScript/Round6/Morning,Arduino 2,288017195.7,43.21412153,0,0,91.5555284,NaN,-0.4879977313,49,49,1.79E-08,304018080.7,36.28101004,119.1094776,-16000885.04,76.29627365,NaN,-0.4686047733,132,132,6.49E-09
arduino2_antenna_powersave_0_288-1MHz.iq,arduino2_antenna_powersave_0_304-1MHz.iq,/home/jfeng/Desktop/Research/Fingerprinting/samplerScript/Round6/Morning,Arduino 2,288017180.4,42.16566083,0,0,122.0740379,NaN,-0.4882511417,51,51,1.82E-08,304018065.4,36.289863,116.1912924,-16000885.04,106.8147832,NaN,-0.4686496281,18,113,6.31E-09
arduino2_antenna_powersave_0_288-1MHz.iq,arduino2_antenna_powersave_0_304-1MHz.iq,/home/jfeng/Desktop/Research/Fingerprinting/samplerScript/Round6/Morning,Arduino 2,288017180.4,41.9082762,0,0,122.0740379,NaN,-0.4884510715,54,54,1.76E-08,304018065.4,37.95316988,110.4210171,-16000885.04,91.5555284,NaN,-0.4687205471,136,136,6.29E-09
arduino2_antenna_powersave_0_288-1MHz.iq,arduino2_antenna_powersave_0_304-1MHz.iq,/home/jfeng/Desktop/Research/Fingerprinting/samplerScript/Round6/Morning,Arduino 2,288017165.1,43.28489349,0,0,91.55552846,NaN,-0.4886882812,55,55,1.74E-08,304018065.4,37.05536408,116.8114106,-16000900.3,91.5555284,NaN,-0.4688606904,125,125,6.36E-09
arduino2_antenna_powersave_0_288-1MHz.iq,arduino2_antenna_powersave_0_304-1MHz.iq,/home/jfeng/Desktop/Research/Fingerprinting/samplerScript/Round6/Morning,Arduino 2,288017149.9,40.44742503,0,0,137.3332927,NaN,-0.4888395368,57,57,1.87E-08,304018050.2,37.24112348,108.6095726,-16000900.3,137.3332926,NaN,-0.4690084126,112,112,6.76E-09
arduino2_antenna_powersave_0_288-1MHz.iq,arduino2_antenna_powersave_0_304-1MHz.iq,/home/jfeng/Desktop/Research/Fingerprinting/samplerScript/Round6/Morning,Arduino 2,288017149.9,42.90612788,0,0,106.8147832,NaN,-0.4890368883,59,59,1.80E-08,304018050.2,37.92899805,113.1222286,-16000900.3,61.03701895,NaN,-0.4690744816,52,52,5.94E-09
arduino2_antenna_powersave_0_288-1MHz.iq,arduino2_antenna_powersave_0_304-1MHz.iq,/home/jfeng/Desktop/Research/Fingerprinting/samplerScript/Round6/Morning,Arduino 2,288017134.6,41.47475736,0,0,137.3332927,NaN,-0.4892206898,60,60,1.82E-08,304018050.2,37.67318055,110.0909367,-16000915.56,76.29627365,NaN,-0.469098831,30,30,5.98E-09
arduino2_antenna_powersave_1_288-1MHz.iq,arduino2_antenna_powersave_1_304-1MHz.iq,/home/jfeng/Desktop/Research/Fingerprinting/samplerScript/Round6/Morning,Arduino 2,288017088.8,39.19033061,0,0,106.8147832,NaN,-0.4902077901,71,71,8.65E-09,304018019.7,37.62198774,104.1686869,-16000930.81,76.29627365,NaN,-0.469769019,143,143,5.99E-09
arduino2_antenna_powersave_1_288-1MHz.iq,arduino2_antenna_powersave_1_304-1MHz.iq,/home/jfeng/Desktop/Research/Fingerprinting/samplerScript/Round6/Morning,Arduino 2,288017088.8,39.29953042,0,0,106.8147832,NaN,-0.4902315998,72,72,8.76E-09,304018019.7,36.9226582,106.4374353,-16000930.81,61.03701895,NaN,-0.4698293494,105,105,5.86E-09
arduino2_antenna_powersave_1_288-1MHz.iq,arduino2_antenna_powersave_1_304-1MHz.iq,/home/jfeng/Desktop/Research/Fingerprinting/samplerScript/Round6/Morning,Arduino 2,288017088.8,38.02620853,0,0,137.3332927,NaN,-0.4902822745,31,73,9.64E-09,304018019.7,36.07106371,105.4202583,-16000930.81,91.5555284,NaN,-0.4699092232,27,27,6.05E-09
arduino2_antenna_powersave_1_288-1MHz.iq,arduino2_antenna_powersave_1_304-1MHz.iq,/home/jfeng/Desktop/Research/Fingerprinting/samplerScript/Round6/Morning,Arduino 2,288017073.6,36.12954022,0,0,122.0740379,NaN,-0.4904051649,74,74,8.86E-09,304018004.4,35.38867393,102.0935124,-16000930.81,76.29627365,NaN,-0.4700441001,134,49,6.09E-09
arduino2_antenna_powersave_1_288-1MHz.iq,arduino2_antenna_powersave_1_304-1MHz.iq,/home/jfeng/Desktop/Research/Fingerprinting/samplerScript/Round6/Morning,Arduino 2,288017073.6,37.74402679,0,0,106.8147832,NaN,-0.4904862122,74,74,8.90E-09,304018004.4,36.81143373,102.5334331,-16000930.81,76.29627365,NaN,-0.4700605977,48,48,5.72E-09
arduino2_antenna_powersave_1_288-1MHz.iq,arduino2_antenna_powersave_1_304-1MHz.iq,/home/jfeng/Desktop/Research/Fingerprinting/samplerScript/Round6/Morning,Arduino 2,288017073.6,38.44890819,0,0,122.0740379,NaN,-0.4905289557,75,75,8.80E-09,304018004.4,37.28154844,103.1311997,-16000930.81,137.3332927,NaN,-0.470023758,90,90,5.74E-09
arduino2_antenna_powersave_1_288-1MHz.iq,arduino2_antenna_powersave_1_304-1MHz.iq,/home/jfeng/Desktop/Research/Fingerprinting/samplerScript/Round6/Morning,Arduino 2,288017073.6,38.4079327,0,0,76.29627371,NaN,-0.4905353511,76,76,8.79E-09,304018004.4,37.86436983,101.4355524,-16000930.81,61.03701895,NaN,-0.4700479817,28,28,5.68E-09
arduino2_antenna_powersave_1_288-1MHz.iq,arduino2_antenna_powersave_1_304-1MHz.iq,/home/jfeng/Desktop/Research/Fingerprinting/samplerScript/Round6/Morning,Arduino 2,288017073.6,38.05213927,0,0,76.29627371,NaN,-0.4906064059,76,76,8.92E-09,304018004.4,38.10363815,99.86484526,-16000930.81,122.0740379,NaN,-0.4701959841,143,143,6.25E-09
arduino2_antenna_program_0_288-1MHz.iq,arduino2_antenna_program_0_304-1MHz.iq,/home/jfeng/Desktop/Research/Fingerprinting/samplerScript/Round6/Morning,Arduino 2,288017287.2,47.76782105,0,0,122.0740379,NaN,-0.4860159852,98,98,2.50E-08,304018187.5,19.31801166,247.2708987,-16000900.3,61.03701895,NaN,-0.465584815,45,45,1.67E-09
arduino2_antenna_program_0_288-1MHz.iq,arduino2_antenna_program_0_304-1MHz.iq,/home/jfeng/Desktop/Research/Fingerprinting/samplerScript/Round6/Morning,Arduino 2,288017287.2,46.59197256,0,0,122.0740379,NaN,-0.4862258191,36,36,2.11E-08,304018187.5,17.86166877,260.8489339,-16000900.3,76.29627371,NaN,-0.4656526832,42,93,1.66E-09
arduino2_antenna_program_0_288-1MHz.iq,arduino2_antenna_program_0_304-1MHz.iq,/home/jfeng/Desktop/Research/Fingerprinting/samplerScript/Round6/Morning,Arduino 2,288017272,48.50486904,0,0,91.55552846,NaN,-0.4864541377,37,37,2.09E-08,304018172.2,9.900580315,489.9194542,-16000900.3,91.5555284,NaN,-0.4661811323,46,22,1.55E-09
arduino2_antenna_program_0_288-1MHz.iq,arduino2_antenna_program_0_304-1MHz.iq,/home/jfeng/Desktop/Research/Fingerprinting/samplerScript/Round6/Morning,Arduino 2,288017256.7,47.32248196,0,0,122.0740379,NaN,-0.4866352588,39,39,2.24E-08,304018172.2,12.31747554,384.1897781,-16000915.56,91.55552846,NaN,-0.4659513357,1,73,1.55E-09
arduino2_antenna_program_0_288-1MHz.iq,arduino2_antenna_program_0_304-1MHz.iq,/home/jfeng/Desktop/Research/Fingerprinting/samplerScript/Round6/Morning,Arduino 2,288017256.7,48.98530405,0,0,152.5925474,NaN,-0.4867904203,41,41,2.06E-08,304018172.2,15.27091243,320.7752272,-16000915.56,61.03701895,NaN,-0.4662240398,24,24,1.53E-09
arduino2_antenna_program_0_288-1MHz.iq,arduino2_antenna_program_0_304-1MHz.iq,/home/jfeng/Desktop/Research/Fingerprinting/samplerScript/Round6/Morning,Arduino 2,288017256.7,46.44574585,0,0,91.5555284,NaN,-0.486909128,42,42,1.92E-08,304018172.2,17.58178293,264.169715,-16000915.56,106.8147832,NaN,-0.4658853031,45,131,1.66E-09
arduino2_antenna_program_0_288-1MHz.iq,arduino2_antenna_program_0_304-1MHz.iq,/home/jfeng/Desktop/Research/Fingerprinting/samplerScript/Round6/Morning,Arduino 2,288017241.4,49.24144267,0,0,122.0740379,NaN,-0.4870603068,43,43,2.03E-08,304018157,16.02333033,307.3109126,-16000915.56,45.7777642,NaN,-0.465559355,33,33,1.59E-09
arduino2_antenna_program_0_288-1MHz.iq,arduino2_antenna_program_0_304-1MHz.iq,/home/jfeng/Desktop/Research/Fingerprinting/samplerScript/Round6/Morning,Arduino 2,288017241.4,48.38497121,0,0,122.0740379,NaN,-0.4871838795,44,44,1.96E-08,304018157,15.88000642,304.6911313,-16000915.56,76.29627371,NaN,-0.466482131,33,33,1.51E-09
arduino2_antenna_program_1_288-1MHz.iq,arduino2_antenna_program_1_304-1MHz.iq,/home/jfeng/Desktop/Research/Fingerprinting/samplerScript/Round6/Morning,Arduino 2,288017195.7,47.60340122,0,0,91.5555284,NaN,-0.4879807396,52,52,2.13E-08,304018141.7,30.78198358,154.646958,-16000946.07,61.03701895,NaN,-0.4667401491,86,86,3.02E-09
arduino2_antenna_program_1_288-1MHz.iq,arduino2_antenna_program_1_304-1MHz.iq,/home/jfeng/Desktop/Research/Fingerprinting/samplerScript/Round6/Morning,Arduino 2,288017195.7,49.03075002,0,0,106.8147832,NaN,-0.4880539958,53,53,1.98E-08,304018141.7,29.77318281,164.6809155,-16000946.07,61.03701895,NaN,-0.4670766795,55,121,2.90E-09
arduino2_antenna_program_1_288-1MHz.iq,arduino2_antenna_program_1_304-1MHz.iq,/home/jfeng/Desktop/Research/Fingerprinting/samplerScript/Round6/Morning,Arduino 2,288017195.7,49.02011695,0,0,91.5555284,NaN,-0.4880917245,53,53,1.99E-08,304018141.7,30.79761463,159.168551,-16000946.07,91.55552846,NaN,-0.4667651059,97,97,3.75E-09
arduino2_antenna_program_1_288-1MHz.iq,arduino2_antenna_program_1_304-1MHz.iq,/home/jfeng/Desktop/Research/Fingerprinting/samplerScript/Round6/Morning,Arduino 2,288017195.7,48.64376703,0,0,122.0740379,NaN,-0.4881372254,54,54,2.17E-08,304018141.7,29.41979051,165.3436894,-16000946.07,91.55552846,NaN,-0.4667515057,87,102,3.63E-09
arduino2_antenna_program_1_288-1MHz.iq,arduino2_antenna_program_1_304-1MHz.iq,/home/jfeng/Desktop/Research/Fingerprinting/samplerScript/Round6/Morning,Arduino 2,288017195.7,47.15567924,0,0,122.0740379,NaN,-0.4882107654,54,54,2.09E-08,304018126.5,33.88304606,139.1719008,-16000930.81,106.8147832,NaN,-0.4673054826,22,147,5.10E-09
arduino2_antenna_program_1_288-1MHz.iq,arduino2_antenna_program_1_304-1MHz.iq,/home/jfeng/Desktop/Research/Fingerprinting/samplerScript/Round6/Morning,Arduino 2,288017195.7,46.07355889,0,0,106.8147832,NaN,-0.488236826,54,54,2.45E-08,304018126.5,26.04461757,176.9024205,-16000930.81,61.03701895,NaN,-0.4670349631,25,103,1.99E-09
arduino2_antenna_program_1_288-1MHz.iq,arduino2_antenna_program_1_304-1MHz.iq,/home/jfeng/Desktop/Research/Fingerprinting/samplerScript/Round6/Morning,Arduino 2,288017180.4,45.73752625,0,0,106.8147832,NaN,-0.4882655152,55,55,2.49E-08,304018126.5,9.982607877,458.1721211,-16000946.07,45.7777642,NaN,-0.4669955084,45,36,1.67E-09
arduino2_antenna_program_1_288-1MHz.iq,arduino2_antenna_program_1_304-1MHz.iq,/home/jfeng/Desktop/Research/Fingerprinting/samplerScript/Round6/Morning,Arduino 2,288017180.4,46.55342199,0,0,137.3332927,NaN,-0.4882949056,55,55,2.21E-08,304018126.5,11.46249453,406.1369179,-16000946.07,61.03701895,NaN,-0.4667856469,80,80,1.56E-09
arduino3_antenna_powersave_0_288-1MHz.iq,arduino3_antenna_powersave_0_304-1MHz.iq,/home/jfeng/Desktop/Research/Fingerprinting/samplerScript/Round6/Morning,Arduino 3,288013899.7,55.22320484,0,0,854.5182653,0.0005064129501,-0.5584974553,12,12,8.54E-08,304014510,37.91346488,145.6559168,-16000610.37,106.8147832,NaN,-0.5457349563,50,45,1.03E-08
arduino3_antenna_powersave_0_288-1MHz.iq,arduino3_antenna_powersave_0_304-1MHz.iq,/home/jfeng/Desktop/Research/Fingerprinting/samplerScript/Round6/Morning,Arduino 3,288013884.4,56.02120341,0,0,946.0737938,0.0002292860131,-0.5589778486,23,23,1.52E-07,304014510,37.68373943,148.6614765,-16000625.63,91.5555284,NaN,-0.5459592035,79,79,1.19E-08
arduino3_antenna_powersave_0_288-1MHz.iq,arduino3_antenna_powersave_0_304-1MHz.iq,/home/jfeng/Desktop/Research/Fingerprinting/samplerScript/Round6/Morning,Arduino 3,288013853.9,55.71727557,0,0,885.0367748,0.0002594376812,-0.5594568446,113,87,9.02E-08,304014494.8,40.33074488,138.1508716,-16000640.89,91.5555284,NaN,-0.5462159829,138,49,9.55E-09
arduino3_antenna_powersave_0_288-1MHz.iq,arduino3_antenna_powersave_0_304-1MHz.iq,/home/jfeng/Desktop/Research/Fingerprinting/samplerScript/Round6/Morning,Arduino 3,288013838.6,56.68365171,0,0,1007.110813,0.0003005113909,-0.5598905149,22,22,8.42E-08,304014479.5,41.28877516,137.285864,-16000640.89,91.55552846,NaN,-0.5464589304,37,37,9.08E-09
arduino3_antenna_powersave_0_288-1MHz.iq,arduino3_antenna_powersave_0_304-1MHz.iq,/home/jfeng/Desktop/Research/Fingerprinting/samplerScript/Round6/Morning,Arduino 3,288013823.4,56.6303796,0,0,1007.110813,-5.06E-06,-0.5602981899,28,28,8.64E-08,304014479.5,38.74598808,146.1580473,-16000656.15,76.29627371,NaN,-0.5466345994,80,80,9.11E-09
arduino3_antenna_powersave_0_288-1MHz.iq,arduino3_antenna_powersave_0_304-1MHz.iq,/home/jfeng/Desktop/Research/Fingerprinting/samplerScript/Round6/Morning,Arduino 3,288013808.1,55.90719786,0,0,1129.184851,-0.000158375201,-0.560667124,45,45,8.07E-08,304014464.2,41.14025908,135.8941317,-16000656.15,76.29627365,NaN,-0.5468337108,107,10,9.47E-09
arduino3_antenna_powersave_0_288-1MHz.iq,arduino3_antenna_powersave_0_304-1MHz.iq,/home/jfeng/Desktop/Research/Fingerprinting/samplerScript/Round6/Morning,Arduino 3,288013792.8,55.20247843,0,0,1007.110813,-0.0001677078276,-0.5610223585,56,56,7.99E-08,304014449,41.22134288,133.9172249,-16000656.15,122.0740379,NaN,-0.5470410304,129,133,9.71E-09
arduino3_antenna_powersave_0_288-1MHz.iq,arduino3_antenna_powersave_0_304-1MHz.iq,/home/jfeng/Desktop/Research/Fingerprinting/samplerScript/Round6/Morning,Arduino 3,288013762.3,55.73920863,0,0,640.888699,-0.0003909710254,-0.5613562399,114,114,8.75E-08,304014449,39.94981359,139.5230757,-16000686.67,91.5555284,NaN,-0.5471974561,23,23,9.96E-09
arduino3_antenna_powersave_1_288-1MHz.iq,arduino3_antenna_powersave_1_304-1MHz.iq,/home/jfeng/Desktop/Research/Fingerprinting/samplerScript/Round6/Morning,Arduino 3,288013670.8,58.48116769,0,0,1068.147832,0.0001533915324,-0.5633877453,108,108,8.40E-08,304014372.7,38.53211798,151.7725232,-16000701.93,76.29627371,NaN,-0.5485729402,94,94,9.85E-09
arduino3_antenna_powersave_1_288-1MHz.iq,arduino3_antenna_powersave_1_304-1MHz.iq,/home/jfeng/Desktop/Research/Fingerprinting/samplerScript/Round6/Morning,Arduino 3,288013670.8,56.42183882,0,0,1129.184851,0.0001678927209,-0.5635386836,74,56,8.00E-08,304014372.7,41.26922091,136.7165107,-16000701.93,91.5555284,NaN,-0.5486448562,89,89,9.33E-09
arduino3_antenna_powersave_1_288-1MHz.iq,arduino3_antenna_powersave_1_304-1MHz.iq,/home/jfeng/Desktop/Research/Fingerprinting/samplerScript/Round6/Morning,Arduino 3,288013655.5,58.39648458,0,0,1068.147832,-0.0004527436784,-0.563671886,46,46,7.99E-08,304014372.7,41.77558438,139.7861585,-16000717.18,76.29627371,NaN,-0.5486965512,48,48,9.27E-09
arduino3_antenna_powersave_1_288-1MHz.iq,arduino3_antenna_powersave_1_304-1MHz.iq,/home/jfeng/Desktop/Research/Fingerprinting/samplerScript/Round6/Morning,Arduino 3,288013655.5,57.47871546,0,0,1129.184851,0.0001250436964,-0.5637991936,128,57,9.25E-08,304014372.7,40.0711837,143.4415212,-16000717.18,106.8147832,NaN,-0.5487800566,28,15,9.50E-09
arduino3_antenna_powersave_1_288-1MHz.iq,arduino3_antenna_powersave_1_304-1MHz.iq,/home/jfeng/Desktop/Research/Fingerprinting/samplerScript/Round6/Morning,Arduino 3,288013640.2,57.36612705,0,0,991.851558,-1.80E-05,-0.5639210378,78,78,8.41E-08,304014357.4,39.56262459,145.0008124,-16000717.18,106.8147832,NaN,-0.5488554133,38,38,9.48E-09
arduino3_antenna_powersave_1_288-1MHz.iq,arduino3_antenna_powersave_1_304-1MHz.iq,/home/jfeng/Desktop/Research/Fingerprinting/samplerScript/Round6/Morning,Arduino 3,288013640.2,58.776074,0,0,1098.666341,-0.0001986783298,-0.5640446668,93,93,8.90E-08,304014357.4,41.0409904,143.2130985,-16000717.18,61.03701895,NaN,-0.5489191384,61,61,8.85E-09
arduino3_antenna_powersave_1_288-1MHz.iq,arduino3_antenna_powersave_1_304-1MHz.iq,/home/jfeng/Desktop/Research/Fingerprinting/samplerScript/Round6/Morning,Arduino 3,288013640.2,56.6261928,0,0,1007.110813,-0.000347362813,-0.5641568401,23,23,8.02E-08,304014357.4,41.56956524,136.2203152,-16000717.18,76.29627371,NaN,-0.5489955646,77,77,9.49E-09
arduino3_antenna_powersave_1_288-1MHz.iq,arduino3_antenna_powersave_1_304-1MHz.iq,/home/jfeng/Desktop/Research/Fingerprinting/samplerScript/Round6/Morning,Arduino 3,288013625,57.71416719,0,0,930.814539,-0.0001121158162,-0.5642663174,14,14,9.02E-08,304014357.4,40.85418154,141.2686903,-16000732.44,61.03701895,NaN,-0.5490777489,9,9,9.12E-09
arduino3_antenna_program_0_288-1MHz.iq,arduino3_antenna_program_0_304-1MHz.iq,/home/jfeng/Desktop/Research/Fingerprinting/samplerScript/Round6/Morning,Arduino 3,288013976,45.9526358,0,0,76.29627371,NaN,-0.5571217647,22,22,2.26E-08,304014632.1,26.54985707,173.0805393,-16000656.15,76.29627371,NaN,-0.5425503751,25,46,2.13E-09
arduino3_antenna_program_0_288-1MHz.iq,arduino3_antenna_program_0_304-1MHz.iq,/home/jfeng/Desktop/Research/Fingerprinting/samplerScript/Round6/Morning,Arduino 3,288013960.7,45.68147448,0,0,91.55552846,NaN,-0.5574708616,1,1,1.98E-08,304014632.1,24.14182855,189.2212696,-16000671.41,289.92584,NaN,-0.542484822,54,17,2.79E-09
arduino3_antenna_program_0_288-1MHz.iq,arduino3_antenna_program_0_304-1MHz.iq,/home/jfeng/Desktop/Research/Fingerprinting/samplerScript/Round6/Morning,Arduino 3,288013945.4,46.11668112,0,0,91.55552846,NaN,-0.5577905165,11,11,2.04E-08,304014616.8,26.80680528,172.0334842,-16000671.41,76.29627365,NaN,-0.5427597961,44,104,2.03E-09
arduino3_antenna_program_0_288-1MHz.iq,arduino3_antenna_program_0_304-1MHz.iq,/home/jfeng/Desktop/Research/Fingerprinting/samplerScript/Round6/Morning,Arduino 3,288013930.2,46.69145395,0,0,106.8147832,NaN,-0.5580790901,133,133,2.05E-08,304014601.6,24.09288009,193.7977269,-16000671.41,167.8518021,NaN,-0.5431186106,142,142,2.05E-09
arduino3_antenna_program_0_288-1MHz.iq,arduino3_antenna_program_0_304-1MHz.iq,/home/jfeng/Desktop/Research/Fingerprinting/samplerScript/Round6/Morning,Arduino 3,288013914.9,47.08014621,0,0,137.3332927,NaN,-0.5583530979,48,79,2.00E-08,304014601.6,26.52020285,177.5255886,-16000686.67,61.03701895,NaN,-0.5433384137,139,50,2.05E-09
arduino3_antenna_program_0_288-1MHz.iq,arduino3_antenna_program_0_304-1MHz.iq,/home/jfeng/Desktop/Research/Fingerprinting/samplerScript/Round6/Morning,Arduino 3,288013899.7,46.98772904,0,0,167.8518021,NaN,-0.5586392735,9,9,2.01E-08,304014601.6,24.25657158,193.7113367,-16000701.93,76.29627371,NaN,-0.5434474935,48,4,1.87E-09
arduino3_antenna_program_0_288-1MHz.iq,arduino3_antenna_program_0_304-1MHz.iq,/home/jfeng/Desktop/Research/Fingerprinting/samplerScript/Round6/Morning,Arduino 3,288013884.4,46.15334562,0,0,106.8147832,NaN,-0.558889616,121,121,2.12E-08,304014586.3,25.4164372,181.588573,-16000701.93,122.0740379,NaN,-0.5436900568,134,22,1.92E-09
arduino3_antenna_program_0_288-1MHz.iq,arduino3_antenna_program_0_304-1MHz.iq,/home/jfeng/Desktop/Research/Fingerprinting/samplerScript/Round6/Morning,Arduino 3,288013884.4,45.1319543,0,0,91.5555284,NaN,-0.5591041696,7,7,1.93E-08,304014586.3,20.72961416,217.7172906,-16000701.93,76.29627371,NaN,-0.5436050459,6,6,1.55E-09
arduino3_antenna_program_1_288-1MHz.iq,arduino3_antenna_program_1_304-1MHz.iq,/home/jfeng/Desktop/Research/Fingerprinting/samplerScript/Round6/Morning,Arduino 3,288013808.1,46.99761262,0,0,106.8147832,NaN,-0.560608915,74,74,1.63E-08,304014540.5,27.85359551,168.730865,-16000732.44,61.03701895,NaN,-0.5449024939,20,33,2.26E-09
arduino3_antenna_program_1_288-1MHz.iq,arduino3_antenna_program_1_304-1MHz.iq,/home/jfeng/Desktop/Research/Fingerprinting/samplerScript/Round6/Morning,Arduino 3,288013792.8,45.15220937,0,0,91.5555284,NaN,-0.5607366952,18,18,1.76E-08,304014525.3,28.55349459,158.1319906,-16000732.44,91.55552846,NaN,-0.5451252812,60,33,2.21E-09
arduino3_antenna_program_1_288-1MHz.iq,arduino3_antenna_program_1_304-1MHz.iq,/home/jfeng/Desktop/Research/Fingerprinting/samplerScript/Round6/Morning,Arduino 3,288013792.8,47.23774531,0,0,91.5555284,NaN,-0.5608288175,121,53,1.52E-08,304014525.3,29.48933736,160.1858486,-16000732.44,61.03701895,NaN,-0.5450503612,101,52,2.30E-09
arduino3_antenna_program_1_288-1MHz.iq,arduino3_antenna_program_1_304-1MHz.iq,/home/jfeng/Desktop/Research/Fingerprinting/samplerScript/Round6/Morning,Arduino 3,288013792.8,47.09761084,0,0,152.5925474,NaN,-0.5609347979,50,125,1.49E-08,304014525.3,31.17888879,151.0560917,-16000732.44,91.5555284,NaN,-0.5450721559,18,49,2.63E-09
arduino3_antenna_program_1_288-1MHz.iq,arduino3_antenna_program_1_304-1MHz.iq,/home/jfeng/Desktop/Research/Fingerprinting/samplerScript/Round6/Morning,Arduino 3,288013792.8,44.88947213,0,0,152.5925474,NaN,-0.561001456,76,76,1.60E-08,304014525.3,30.1156168,149.0571235,-16000732.44,213.6295663,NaN,-0.545199379,57,57,2.57E-09
arduino3_antenna_program_1_288-1MHz.iq,arduino3_antenna_program_1_304-1MHz.iq,/home/jfeng/Desktop/Research/Fingerprinting/samplerScript/Round6/Morning,Arduino 3,288013777.6,46.48574439,0,0,76.29627371,NaN,-0.5611153646,36,36,1.67E-08,304014525.3,28.19082402,164.8967209,-16000747.7,122.0740379,NaN,-0.5450866357,127,126,2.03E-09
arduino3_antenna_program_1_288-1MHz.iq,arduino3_antenna_program_1_304-1MHz.iq,/home/jfeng/Desktop/Research/Fingerprinting/samplerScript/Round6/Morning,Arduino 3,288013777.6,47.20644743,0,0,76.29627371,NaN,-0.5611827411,54,54,1.75E-08,304014525.3,28.0149427,168.5045296,-16000747.7,91.55552846,NaN,-0.5450231973,4,124,2.97E-09
arduino3_antenna_program_1_288-1MHz.iq,arduino3_antenna_program_1_304-1MHz.iq,/home/jfeng/Desktop/Research/Fingerprinting/samplerScript/Round6/Morning,Arduino 3,288013777.6,46.92535108,0,0,122.0740379,NaN,-0.5612554387,12,12,1.73E-08,304014510,37.66654577,124.580978,-16000732.44,76.29627371,NaN,-0.545602175,42,76,5.47E-09
stm1_antenna_idle_0_288-1MHz.iq,stm1_antenna_idle_0_304-1MHz.iq,/home/jfeng/Desktop/Research/Fingerprinting/samplerScript/Round6/Morning,STM 1,287996122.6,22.8088938,0,0,167.8518021,NaN,-0.853886842,87,87,3.09E-09,303995710.6,9.451484023,241.3260578,-15999588,76.29627371,NaN,-0.863914902,26,24,1.26E-09
stm1_antenna_idle_0_288-1MHz.iq,stm1_antenna_idle_0_304-1MHz.iq,/home/jfeng/Desktop/Research/Fingerprinting/samplerScript/Round6/Morning,STM 1,287996122.6,21.10626823,0,0,152.5925474,NaN,-0.8537818531,83,83,3.03E-09,303995725.9,11.208222,188.3105834,-15999603.26,61.03701895,NaN,-0.8642609399,24,14,1.17E-09
stm1_antenna_idle_0_288-1MHz.iq,stm1_antenna_idle_0_304-1MHz.iq,/home/jfeng/Desktop/Research/Fingerprinting/samplerScript/Round6/Morning,STM 1,287996122.6,22.34983731,0,0,213.6295664,NaN,-0.8540935184,71,71,3.18E-09,303995649.6,7.555522396,295.8079686,-15999526.96,76.29627365,NaN,-0.8648358689,131,6,1.16E-09
stm1_antenna_idle_0_288-1MHz.iq,stm1_antenna_idle_0_304-1MHz.iq,/home/jfeng/Desktop/Research/Fingerprinting/samplerScript/Round6/Morning,STM 1,287996122.6,22.68084442,0,0,122.0740379,NaN,-0.8538659046,70,70,3.24E-09,303995741.1,11.42790181,198.4690173,-15999618.52,61.03701895,NaN,-0.8643364049,9,48,1.25E-09
stm1_antenna_idle_0_288-1MHz.iq,stm1_antenna_idle_0_304-1MHz.iq,/home/jfeng/Desktop/Research/Fingerprinting/samplerScript/Round6/Morning,STM 1,287996122.6,21.1191983,0,0,213.6295664,NaN,-0.8541358563,100,100,2.95E-09,303995909,9.499230345,222.3253625,-15999786.37,106.8147832,NaN,-0.8619173812,112,88,1.11E-09
stm1_antenna_idle_0_288-1MHz.iq,stm1_antenna_idle_0_304-1MHz.iq,/home/jfeng/Desktop/Research/Fingerprinting/samplerScript/Round6/Morning,STM 1,287996076.8,19.41620625,0,0,137.3332927,NaN,-0.8543757094,87,87,3.13E-09,303995832.7,2.039599066,951.961911,-15999755.85,61.03701895,NaN,-0.8630530306,83,8,1.19E-09
stm1_antenna_idle_0_288-1MHz.iq,stm1_antenna_idle_0_304-1MHz.iq,/home/jfeng/Desktop/Research/Fingerprinting/samplerScript/Round6/Morning,STM 1,287995848,20.79027944,0,0,76.29627365,NaN,-0.8569418428,79,79,3.11E-09,303995786.9,6.772077938,307.0000025,-15999938.96,183.1110569,NaN,-0.8636183986,65,23,1.17E-09
stm1_antenna_idle_0_288-1MHz.iq,stm1_antenna_idle_0_304-1MHz.iq,/home/jfeng/Desktop/Research/Fingerprinting/samplerScript/Round6/Morning,STM 1,287995924.3,21.66515307,0,0,152.5925474,NaN,-0.8566849311,82,82,3.45E-09,303995603.8,7.361898555,294.2875796,-15999679.56,152.5925474,NaN,-0.8661438695,72,72,1.26E-09
stm1_antenna_idle_1_288-1MHz.iq,stm1_antenna_idle_1_304-1MHz.iq,/home/jfeng/Desktop/Research/Fingerprinting/samplerScript/Round6/Morning,STM 1,287996000.5,20.91477978,0,0,61.03701895,NaN,-0.8565791945,127,127,3.40E-09,303995542.8,8.64604355,241.900005,-15999542.22,76.29627365,NaN,-0.8662110335,60,57,1.07E-09
stm1_antenna_idle_1_288-1MHz.iq,stm1_antenna_idle_1_304-1MHz.iq,/home/jfeng/Desktop/Research/Fingerprinting/samplerScript/Round6/Morning,STM 1,287995771.7,23.65183371,0,0,122.0740379,NaN,-0.8587485971,58,58,3.12E-09,303995710.6,8.069531061,293.100473,-15999938.96,76.29627371,NaN,-0.8641250936,107,128,1.13E-09
stm1_antenna_idle_1_288-1MHz.iq,stm1_antenna_idle_1_304-1MHz.iq,/home/jfeng/Desktop/Research/Fingerprinting/samplerScript/Round6/Morning,STM 1,287996031.1,21.18474664,0,0,76.29627365,NaN,-0.8561769952,90,90,3.41E-09,303995573.3,8.509808444,248.9450471,-15999542.22,76.29627371,NaN,-0.8660642583,114,92,1.10E-09
stm1_antenna_idle_1_288-1MHz.iq,stm1_antenna_idle_1_304-1MHz.iq,/home/jfeng/Desktop/Research/Fingerprinting/samplerScript/Round6/Morning,STM 1,287995802.2,22.80515335,0,0,61.03701895,NaN,-0.8583644869,91,91,3.67E-09,303995588.5,8.753702924,260.5200742,-15999786.37,76.29627371,NaN,-0.8658482057,2,33,1.02E-09
stm1_antenna_idle_1_288-1MHz.iq,stm1_antenna_idle_1_304-1MHz.iq,/home/jfeng/Desktop/Research/Fingerprinting/samplerScript/Round6/Morning,STM 1,287995893.7,22.44635142,0,0,183.1110569,NaN,-0.8575200483,117,117,3.44E-09,303995619.1,7.413855581,302.7621887,-15999725.33,45.77776426,NaN,-0.865557197,11,25,1.14E-09
stm1_antenna_idle_1_288-1MHz.iq,stm1_antenna_idle_1_304-1MHz.iq,/home/jfeng/Desktop/Research/Fingerprinting/samplerScript/Round6/Morning,STM 1,287996061.6,20.67049938,0,0,61.03701895,NaN,-0.8557326997,114,114,3.47E-09,303995634.3,6.453269806,320.3104784,-15999572.74,91.5555284,NaN,-0.865668521,150,150,1.15E-09
stm1_antenna_idle_1_288-1MHz.iq,stm1_antenna_idle_1_304-1MHz.iq,/home/jfeng/Desktop/Research/Fingerprinting/samplerScript/Round6/Morning,STM 1,287995924.3,20.86442046,0,0,167.8518022,NaN,-0.8575370646,110,110,3.71E-09,303995802.2,5.0000297,417.2859305,-15999877.93,91.55552846,NaN,-0.8637133911,25,126,1.36E-09
stm1_antenna_idle_1_288-1MHz.iq,stm1_antenna_idle_1_304-1MHz.iq,/home/jfeng/Desktop/Research/Fingerprinting/samplerScript/Round6/Morning,STM 1,287995909,22.03642844,0,0,106.8147832,NaN,-0.8576197952,145,145,3.59E-09,303995436,7.429698079,296.5992455,-15999526.96,76.29627371,NaN,-0.8675815012,123,123,1.11E-09
stm1_antenna_program_0_288-1MHz.iq,stm1_antenna_program_0_304-1MHz.iq,/home/jfeng/Desktop/Research/Fingerprinting/samplerScript/Round6/Morning,STM 1,287996092.1,26.72933585,0,0,152.5925474,NaN,-0.8556646106,93,93,2.51E-09,303995527.5,8.133133198,328.6474622,-15999435.41,76.29627371,NaN,-0.8673929922,70,46,1.17E-09
stm1_antenna_program_0_288-1MHz.iq,stm1_antenna_program_0_304-1MHz.iq,/home/jfeng/Desktop/Research/Fingerprinting/samplerScript/Round6/Morning,STM 1,287996092.1,26.26795339,0,0,61.03701895,NaN,-0.8563953021,77,77,2.54E-09,303995695.4,13.9187841,188.7230465,-15999603.26,61.03701895,NaN,-0.8650669302,47,23,1.12E-09
stm1_antenna_program_0_288-1MHz.iq,stm1_antenna_program_0_304-1MHz.iq,/home/jfeng/Desktop/Research/Fingerprinting/samplerScript/Round6/Morning,STM 1,287996092.1,26.03982798,0,0,213.6295663,NaN,-0.8568308028,109,109,2.44E-09,303995710.6,8.918748498,291.9672865,-15999618.52,45.7777642,NaN,-0.8655788435,50,25,1.06E-09
stm1_antenna_program_0_288-1MHz.iq,stm1_antenna_program_0_304-1MHz.iq,/home/jfeng/Desktop/Research/Fingerprinting/samplerScript/Round6/Morning,STM 1,287996092.1,26.97147511,0,0,91.5555284,NaN,-0.8567425718,77,77,2.39E-09,303995725.9,13.16226352,204.9151733,-15999633.78,61.03701895,NaN,-0.8653915245,47,26,1.24E-09
stm1_antenna_program_0_288-1MHz.iq,stm1_antenna_program_0_304-1MHz.iq,/home/jfeng/Desktop/Research/Fingerprinting/samplerScript/Round6/Morning,STM 1,287996092.1,24.33183254,0,0,213.6295663,NaN,-0.8566869483,107,107,2.30E-09,303995725.9,11.28430821,215.6253808,-15999633.78,106.8147832,NaN,-0.8648993972,66,34,1.13E-09
stm1_antenna_program_0_288-1MHz.iq,stm1_antenna_program_0_304-1MHz.iq,/home/jfeng/Desktop/Research/Fingerprinting/samplerScript/Round6/Morning,STM 1,287996092.1,23.64847545,0,0,76.29627371,NaN,-0.856906925,77,77,2.49E-09,303995741.1,8.546688523,276.6975231,-15999649.04,61.03701895,NaN,-0.8647276309,41,64,1.18E-09
stm1_antenna_program_0_288-1MHz.iq,stm1_antenna_program_0_304-1MHz.iq,/home/jfeng/Desktop/Research/Fingerprinting/samplerScript/Round6/Morning,STM 1,287995909,22.63632507,0,0,244.1480758,NaN,-0.8589902444,116,116,2.42E-09,303995558,9.747657759,232.2232235,-15999649.04,91.55552846,NaN,-0.8672757286,17,2,1.18E-09
stm1_antenna_program_0_288-1MHz.iq,stm1_antenna_program_0_304-1MHz.iq,/home/jfeng/Desktop/Research/Fingerprinting/samplerScript/Round6/Morning,STM 1,287995909,27.6063704,0,0,76.29627365,NaN,-0.858987704,132,132,2.39E-09,303995390.2,8.717459811,316.679067,-15999481.19,76.29627371,NaN,-0.8700154758,106,106,1.23E-09
stm1_antenna_program_1_288-1MHz.iq,stm1_antenna_program_1_304-1MHz.iq,/home/jfeng/Desktop/Research/Fingerprinting/samplerScript/Round6/Morning,STM 1,287995817.4,25.72298415,0,0,91.55552846,NaN,-0.8597172839,133,133,2.90E-09,303995527.5,12.19481434,210.9337907,-15999710.07,106.8147832,NaN,-0.8687470045,11,38,1.29E-09
stm1_antenna_program_1_288-1MHz.iq,stm1_antenna_program_1_304-1MHz.iq,/home/jfeng/Desktop/Research/Fingerprinting/samplerScript/Round6/Morning,STM 1,287995832.7,23.34361955,0,0,61.03701895,NaN,-0.8591292293,131,131,2.72E-09,303995542.8,11.15707896,209.2269817,-15999710.07,167.8518021,NaN,-0.8687810899,47,68,1.35E-09
stm1_antenna_program_1_288-1MHz.iq,stm1_antenna_program_1_304-1MHz.iq,/home/jfeng/Desktop/Research/Fingerprinting/samplerScript/Round6/Morning,STM 1,287995848,26.83219586,0,0,91.5555284,NaN,-0.8592494791,128,128,2.80E-09,303995573.3,9.942599538,269.8710308,-15999725.33,61.03701895,NaN,-0.8675033056,24,24,1.21E-09
stm1_antenna_program_1_288-1MHz.iq,stm1_antenna_program_1_304-1MHz.iq,/home/jfeng/Desktop/Research/Fingerprinting/samplerScript/Round6/Morning,STM 1,287995863.2,22.04473306,0,0,289.92584,NaN,-0.8587699422,125,125,2.89E-09,303995573.3,10.37557036,212.4676745,-15999710.07,91.55552846,NaN,-0.8679112592,95,95,1.33E-09
stm1_antenna_program_1_288-1MHz.iq,stm1_antenna_program_1_304-1MHz.iq,/home/jfeng/Desktop/Research/Fingerprinting/samplerScript/Round6/Morning,STM 1,287995878.5,27.0793385,0,0,106.8147832,NaN,-0.8584249495,139,139,2.75E-09,303995603.8,5.494588654,492.8365017,-15999725.33,61.03701895,NaN,-0.8670303465,101,131,1.30E-09
stm1_antenna_program_1_288-1MHz.iq,stm1_antenna_program_1_304-1MHz.iq,/home/jfeng/Desktop/Research/Fingerprinting/samplerScript/Round6/Morning,STM 1,287995893.7,23.94076445,0,0,335.7036042,NaN,-0.8586411687,119,119,2.72E-09,303995619.1,9.53313046,251.132244,-15999725.33,61.03701895,NaN,-0.8672344041,25,12,1.26E-09
stm1_antenna_program_1_288-1MHz.iq,stm1_antenna_program_1_304-1MHz.iq,/home/jfeng/Desktop/Research/Fingerprinting/samplerScript/Round6/Morning,STM 1,287995710.6,24.26947771,0,0,91.5555284,NaN,-0.8606985629,81,81,2.78E-09,303995420.7,6.290946056,385.7842285,-15999710.07,106.8147832,NaN,-0.8694510374,15,105,1.23E-09
stm1_antenna_program_1_288-1MHz.iq,stm1_antenna_program_1_304-1MHz.iq,/home/jfeng/Desktop/Research/Fingerprinting/samplerScript/Round6/Morning,STM 1,287995725.9,24.90329523,0,0,259.4073305,NaN,-0.8604043178,17,17,2.71E-09,303995451.2,11.08220838,224.714194,-15999725.33,61.03701895,NaN,-0.8683246492,82,10,1.29E-09
stm2_antenna_idle_0_288-1MHz.iq,stm2_antenna_idle_0_304-1MHz.iq,/home/jfeng/Desktop/Research/Fingerprinting/samplerScript/Round6/Morning,STM 2,287999067.7,7.765183591,0,0,152.5925474,NaN,-0.8126315533,82,82,3.03E-09,303998930.3,7.393715554,105.0241051,-15999862.67,76.29627365,NaN,-0.8213966148,4,68,1.06E-09
stm2_antenna_idle_0_288-1MHz.iq,stm2_antenna_idle_0_304-1MHz.iq,/home/jfeng/Desktop/Research/Fingerprinting/samplerScript/Round6/Morning,STM 2,287999067.7,7.297850789,0,0,45.7777642,NaN,-0.8136226589,82,82,3.03E-09,303998808.3,7.98082244,91.44233998,-15999740.59,106.8147832,NaN,-0.823406429,78,50,1.07E-09
stm2_antenna_idle_0_288-1MHz.iq,stm2_antenna_idle_0_304-1MHz.iq,/home/jfeng/Desktop/Research/Fingerprinting/samplerScript/Round6/Morning,STM 2,287999052.4,16.46263905,0,0,122.0740378,NaN,-0.8136790889,16,82,3.17E-09,303998915.1,7.0504805,233.4966965,-15999862.67,183.1110569,NaN,-0.8216543968,103,137,1.52E-09
stm2_antenna_idle_0_288-1MHz.iq,stm2_antenna_idle_0_304-1MHz.iq,/home/jfeng/Desktop/Research/Fingerprinting/samplerScript/Round6/Morning,STM 2,287999006.6,17.3348287,0,0,167.8518021,NaN,-0.8132571692,17,17,2.95E-09,303998930.3,11.25625797,154.0017007,-15999923.7,106.8147832,NaN,-0.8214949223,138,80,1.09E-09
stm2_antenna_idle_0_288-1MHz.iq,stm2_antenna_idle_0_304-1MHz.iq,/home/jfeng/Desktop/Research/Fingerprinting/samplerScript/Round6/Morning,STM 2,287999082.9,20.06608624,0,0,76.29627371,NaN,-0.8121998596,55,55,2.87E-09,303998991.4,8.008052965,250.5738452,-15999908.44,61.0370189,NaN,-0.8205095334,57,99,1.05E-09
stm2_antenna_idle_0_288-1MHz.iq,stm2_antenna_idle_0_304-1MHz.iq,/home/jfeng/Desktop/Research/Fingerprinting/samplerScript/Round6/Morning,STM 2,287999052.4,16.35747181,0,0,152.5925474,NaN,-0.8127273181,16,76,2.80E-09,303998854,8.100217977,201.9386621,-15999801.63,91.5555284,NaN,-0.8230653147,42,84,1.10E-09
stm2_antenna_idle_0_288-1MHz.iq,stm2_antenna_idle_0_304-1MHz.iq,/home/jfeng/Desktop/Research/Fingerprinting/samplerScript/Round6/Morning,STM 2,287998991.4,18.39701521,0,0,137.3332926,NaN,-0.8143861025,17,48,3.14E-09,303998426.8,41.81617839,43.99497016,-15999435.41,122.0740379,NaN,-0.8450013033,129,33,1.39E-05
stm2_antenna_idle_0_288-1MHz.iq,stm2_antenna_idle_0_304-1MHz.iq,/home/jfeng/Desktop/Research/Fingerprinting/samplerScript/Round6/Morning,STM 2,287999021.9,19.98168431,0,0,137.3332926,NaN,-0.8153959606,82,82,3.15E-09,303998930.3,8.616440752,231.9018361,-15999908.44,106.8147832,NaN,-0.8218020069,9,11,1.10E-09
stm2_antenna_idle_1_288-1MHz.iq,stm2_antenna_idle_1_304-1MHz.iq,/home/jfeng/Desktop/Research/Fingerprinting/samplerScript/Round6/Morning,STM 2,287999067.7,20.16975981,0,0,106.8147832,NaN,-0.8172345947,16,16,2.83E-09,303998655.7,10.30044264,195.8144956,-15999588,137.3332926,NaN,-0.8266483295,47,145,1.01E-09
stm2_antenna_idle_1_288-1MHz.iq,stm2_antenna_idle_1_304-1MHz.iq,/home/jfeng/Desktop/Research/Fingerprinting/samplerScript/Round6/Morning,STM 2,287998915.1,20.00533494,0,0,91.55552846,NaN,-0.8190324881,82,82,2.71E-09,303998945.6,9.537234192,209.7603407,-16000030.52,76.29627365,NaN,-0.8222747962,7,7,1.07E-09
stm2_antenna_idle_1_288-1MHz.iq,stm2_antenna_idle_1_304-1MHz.iq,/home/jfeng/Desktop/Research/Fingerprinting/samplerScript/Round6/Morning,STM 2,287998930.3,19.21070583,0,0,274.6665853,NaN,-0.8189128223,17,149,2.64E-09,303998777.7,9.12284012,210.5781268,-15999847.41,122.0740379,NaN,-0.8244975319,11,24,9.20E-10
stm2_antenna_idle_1_288-1MHz.iq,stm2_antenna_idle_1_304-1MHz.iq,/home/jfeng/Desktop/Research/Fingerprinting/samplerScript/Round6/Morning,STM 2,287999021.9,19.18058877,0,0,106.8147832,NaN,-0.8181956245,82,82,2.72E-09,303998716.7,10.19407244,188.1543307,-15999694.81,61.03701895,NaN,-0.8260178433,70,46,9.50E-10
stm2_antenna_idle_1_288-1MHz.iq,stm2_antenna_idle_1_304-1MHz.iq,/home/jfeng/Desktop/Research/Fingerprinting/samplerScript/Round6/Morning,STM 2,287998869.3,19.20534877,0,0,122.0740379,NaN,-0.8202838283,82,76,7.24E-09,303998899.8,9.951615974,192.9872376,-16000030.52,91.5555284,NaN,-0.8232380082,136,49,1.38E-09
stm2_antenna_idle_1_288-1MHz.iq,stm2_antenna_idle_1_304-1MHz.iq,/home/jfeng/Desktop/Research/Fingerprinting/samplerScript/Round6/Morning,STM 2,287998854,10.46500328,0,0,91.55552846,NaN,-0.8222474415,83,83,4.00E-08,303998991.4,7.427117273,140.9026261,-16000137.33,106.8147832,NaN,-0.8213352672,10,10,9.85E-10
stm2_antenna_idle_1_288-1MHz.iq,stm2_antenna_idle_1_304-1MHz.iq,/home/jfeng/Desktop/Research/Fingerprinting/samplerScript/Round6/Morning,STM 2,287998808.3,20.65948455,0,0,106.8147832,NaN,-0.8207435792,82,82,3.50E-09,303998686.2,7.892004012,261.7774208,-15999877.93,106.8147832,NaN,-0.8250493496,25,121,9.58E-10
stm2_antenna_idle_1_288-1MHz.iq,stm2_antenna_idle_1_304-1MHz.iq,/home/jfeng/Desktop/Research/Fingerprinting/samplerScript/Round6/Morning,STM 2,287999037.1,20.28221847,0,0,76.29627365,NaN,-0.8173961895,149,149,3.16E-09,303998716.7,8.836224155,229.5349022,-15999679.56,122.0740379,NaN,-0.8238914301,14,8,1.05E-09
stm2_antenna_program_0_288-1MHz.iq,stm2_antenna_program_0_304-1MHz.iq,/home/jfeng/Desktop/Research/Fingerprinting/samplerScript/Round6/Morning,STM 2,287999037.1,17.79772844,0,0,91.5555284,NaN,-0.8227615566,6,6,3.93E-09,303998716.7,6.829199629,260.6122153,-15999679.56,45.7777642,NaN,-0.8257739878,48,10,1.71E-09
stm2_antenna_program_0_288-1MHz.iq,stm2_antenna_program_0_304-1MHz.iq,/home/jfeng/Desktop/Research/Fingerprinting/samplerScript/Round6/Morning,STM 2,287999067.7,20.23528279,0,0,76.29627371,NaN,-0.8227832153,21,21,4.16E-09,303998899.8,9.370435483,215.9481577,-15999832.15,152.5925474,NaN,-0.8230347523,72,48,1.72E-09
stm2_antenna_program_0_288-1MHz.iq,stm2_antenna_program_0_304-1MHz.iq,/home/jfeng/Desktop/Research/Fingerprinting/samplerScript/Round6/Morning,STM 2,287999021.9,16.89834864,0,0,152.5925474,NaN,-0.8215660773,17,17,4.24E-09,303998915.1,8.333059175,202.7868552,-15999893.19,152.5925474,NaN,-0.8232343942,109,5,1.78E-09
stm2_antenna_program_0_288-1MHz.iq,stm2_antenna_program_0_304-1MHz.iq,/home/jfeng/Desktop/Research/Fingerprinting/samplerScript/Round6/Morning,STM 2,287999037.1,21.27501799,0,0,91.5555284,NaN,-0.823420052,11,11,3.80E-09,303998899.8,9.155745585,232.3679464,-15999862.67,91.55552846,NaN,-0.8228180628,144,142,1.84E-09
stm2_antenna_program_0_288-1MHz.iq,stm2_antenna_program_0_304-1MHz.iq,/home/jfeng/Desktop/Research/Fingerprinting/samplerScript/Round6/Morning,STM 2,287999067.7,20.96904857,0,0,122.0740379,NaN,-0.8220203149,117,117,4.05E-09,303998960.8,9.68739147,216.4571199,-15999893.19,137.3332926,NaN,-0.8223908109,106,62,1.66E-09
stm2_antenna_program_0_288-1MHz.iq,stm2_antenna_program_0_304-1MHz.iq,/home/jfeng/Desktop/Research/Fingerprinting/samplerScript/Round6/Morning,STM 2,287999082.9,19.0989952,0,0,122.0740379,NaN,-0.8214176886,125,125,3.57E-09,303998838.8,11.07042699,172.5226608,-15999755.85,76.29627371,NaN,-0.8242922039,25,25,1.91E-09
stm2_antenna_program_0_288-1MHz.iq,stm2_antenna_program_0_304-1MHz.iq,/home/jfeng/Desktop/Research/Fingerprinting/samplerScript/Round6/Morning,STM 2,287998869.3,20.2846063,0,0,91.55552846,NaN,-0.8244594954,3,97,3.97E-09,303998899.8,11.03734214,183.781621,-16000030.52,122.0740379,NaN,-0.8236008452,34,34,1.74E-09
stm2_antenna_program_0_288-1MHz.iq,stm2_antenna_program_0_304-1MHz.iq,/home/jfeng/Desktop/Research/Fingerprinting/samplerScript/Round6/Morning,STM 2,287999021.9,19.69011036,0,0,122.0740378,NaN,-0.8230146781,17,126,3.90E-09,303998945.6,9.96123331,197.6673947,-15999923.7,91.55552846,NaN,-0.822143005,133,11,1.68E-09
stm2_antenna_program_1_288-1MHz.iq,stm2_antenna_program_1_304-1MHz.iq,/home/jfeng/Desktop/Research/Fingerprinting/samplerScript/Round6/Morning,STM 2,287998869.3,20.47619946,0,0,91.5555284,NaN,-0.8253672232,91,91,4.06E-09,303998899.8,9.96888919,205.4010138,-16000030.52,152.5925474,NaN,-0.8237021815,107,34,1.72E-09
stm2_antenna_program_1_288-1MHz.iq,stm2_antenna_program_1_304-1MHz.iq,/home/jfeng/Desktop/Research/Fingerprinting/samplerScript/Round6/Morning,STM 2,287998930.3,21.62301872,0,0,76.29627371,NaN,-0.8227596787,102,102,4.23E-09,303998777.7,9.402894715,229.9612979,-15999847.41,106.8147832,NaN,-0.8255741804,34,26,1.92E-09
stm2_antenna_program_1_288-1MHz.iq,stm2_antenna_program_1_304-1MHz.iq,/home/jfeng/Desktop/Research/Fingerprinting/samplerScript/Round6/Morning,STM 2,287998808.3,21.03409397,0,0,91.5555284,NaN,-0.8242963568,15,41,3.73E-09,303998854,9.731940221,216.1346401,-16000045.78,106.8147832,NaN,-0.8243274184,25,25,1.96E-09
stm2_antenna_program_1_288-1MHz.iq,stm2_antenna_program_1_304-1MHz.iq,/home/jfeng/Desktop/Research/Fingerprinting/samplerScript/Round6/Morning,STM 2,287999021.9,19.8485328,0,0,106.8147832,NaN,-0.8215808076,146,146,4.33E-09,303998716.7,9.330012546,212.7385435,-15999694.81,106.8147832,NaN,-0.8252478889,44,38,1.76E-09
stm2_antenna_program_1_288-1MHz.iq,stm2_antenna_program_1_304-1MHz.iq,/home/jfeng/Desktop/Research/Fingerprinting/samplerScript/Round6/Morning,STM 2,287999052.4,19.29478315,0,0,91.5555284,NaN,-0.8212590613,133,133,4.32E-09,303998762.5,8.562958088,225.3284782,-15999710.07,106.8147832,NaN,-0.8240614793,78,78,1.62E-09
stm2_antenna_program_1_288-1MHz.iq,stm2_antenna_program_1_304-1MHz.iq,/home/jfeng/Desktop/Research/Fingerprinting/samplerScript/Round6/Morning,STM 2,287998670.9,19.1907282,0,0,106.8147832,NaN,-0.8270526811,131,131,4.46E-09,303998945.6,10.27205541,186.8246173,-16000274.67,45.77776426,NaN,-0.8216673449,135,25,1.64E-09
stm2_antenna_program_1_288-1MHz.iq,stm2_antenna_program_1_304-1MHz.iq,/home/jfeng/Desktop/Research/Fingerprinting/samplerScript/Round6/Morning,STM 2,287998991.4,19.68946524,0,0,91.5555284,NaN,-0.821170382,32,32,4.33E-09,303998701.4,8.810326789,223.4816677,-15999710.07,76.29627365,NaN,-0.8244348876,26,26,1.58E-09
stm2_antenna_program_1_288-1MHz.iq,stm2_antenna_program_1_304-1MHz.iq,/home/jfeng/Desktop/Research/Fingerprinting/samplerScript/Round6/Morning,STM 2,287998854,19.71140398,0,0,91.5555284,NaN,-0.82490704,149,149,4.37E-09,303998701.4,8.824350429,223.375127,-15999847.41,122.0740379,NaN,-0.8252725694,14,95,1.68E-09
stm3_antenna_idle_0_288-1MHz.iq,stm3_antenna_idle_0_304-1MHz.iq,/home/jfeng/Desktop/Research/Fingerprinting/samplerScript/Round6/Morning,STM 3,287996137.9,2.337995862,0,0,76.29627365,NaN,-0.8585834684,22,22,1.66E-08,303995863.2,1.021068562,228.9754037,-15999725.33,30.51850945,NaN,-0.8620439987,10,10,3.87E-08
stm3_antenna_idle_0_288-1MHz.iq,stm3_antenna_idle_0_304-1MHz.iq,/home/jfeng/Desktop/Research/Fingerprinting/samplerScript/Round6/Morning,STM 3,287996031.1,2.493239274,0,0,30.51850945,NaN,-0.860221736,22,22,1.14E-08,303995405.4,1.259794083,197.9084764,-15999374.37,61.03701895,NaN,-0.8680405062,10,22,4.64E-08
stm3_antenna_idle_0_288-1MHz.iq,stm3_antenna_idle_0_304-1MHz.iq,/home/jfeng/Desktop/Research/Fingerprinting/samplerScript/Round6/Morning,STM 3,287995893.7,1.814768671,0,0,76.29627371,NaN,-0.8618805004,10,46,1.10E-08,303995939.5,0.951625466,190.7019869,-16000045.78,91.5555284,NaN,-0.8612618557,22,22,5.19E-08
stm3_antenna_idle_0_288-1MHz.iq,stm3_antenna_idle_0_304-1MHz.iq,/home/jfeng/Desktop/Research/Fingerprinting/samplerScript/Round6/Morning,STM 3,287995771.7,3.851266366,0,0,137.3332926,NaN,-0.8631556229,48,10,1.37E-08,303995832.7,1.545409548,249.2068442,-16000061.04,45.77776426,NaN,-0.8634678307,22,22,4.51E-08
stm3_antenna_idle_0_288-1MHz.iq,stm3_antenna_idle_0_304-1MHz.iq,/home/jfeng/Desktop/Research/Fingerprinting/samplerScript/Round6/Morning,STM 3,287995802.2,2.227329411,0,0,106.8147832,NaN,-0.8628346527,10,10,1.11E-08,303995710.6,1.503380807,148.1547057,-15999908.44,106.8147832,NaN,-0.8642135767,22,22,2.68E-08
stm3_antenna_idle_0_288-1MHz.iq,stm3_antenna_idle_0_304-1MHz.iq,/home/jfeng/Desktop/Research/Fingerprinting/samplerScript/Round6/Morning,STM 3,287995832.7,1.470600912,0,0,45.77776426,NaN,-0.8627207295,11,34,1.80E-08,303996000.5,1.984741009,74.09535578,-16000167.85,91.5555284,NaN,-0.8607394257,22,22,2.88E-08
stm3_antenna_idle_0_288-1MHz.iq,stm3_antenna_idle_0_304-1MHz.iq,/home/jfeng/Desktop/Research/Fingerprinting/samplerScript/Round6/Morning,STM 3,287996000.5,2.341768088,0,0,45.7777642,NaN,-0.8602533805,88,16,1.80E-08,303995558,1.541776441,151.8876554,-15999557.48,30.51850951,NaN,-0.8665943905,22,22,4.87E-08
stm3_antenna_idle_0_288-1MHz.iq,stm3_antenna_idle_0_304-1MHz.iq,/home/jfeng/Desktop/Research/Fingerprinting/samplerScript/Round6/Morning,STM 3,287995680.1,1.976678734,0,0,30.51850945,NaN,-0.8644136969,10,10,1.91E-08,303995924.3,1.059919131,186.4933537,-16000244.15,91.5555284,NaN,-0.8684588143,22,22,9.89E-08
stm3_antenna_idle_1_288-1MHz.iq,stm3_antenna_idle_1_304-1MHz.iq,/home/jfeng/Desktop/Research/Fingerprinting/samplerScript/Round6/Morning,STM 3,287995756.4,2.435736196,0,0,45.7777642,NaN,-0.8634012548,2,150,1.56E-08,303995497,-0.4544584975,-535.964496,-15999740.59,30.51850951,NaN,-0.8625535868,22,22,4.78E-07
stm3_antenna_idle_1_288-1MHz.iq,stm3_antenna_idle_1_304-1MHz.iq,/home/jfeng/Desktop/Research/Fingerprinting/samplerScript/Round6/Morning,STM 3,287995786.9,2.042485975,0,0,152.5925474,NaN,-0.8631841611,150,150,2.12E-08,303995649.6,0.8029279428,254.3797352,-15999862.67,45.7777642,NaN,-0.8633966087,22,22,2.44E-07
stm3_antenna_idle_1_288-1MHz.iq,stm3_antenna_idle_1_304-1MHz.iq,/home/jfeng/Desktop/Research/Fingerprinting/samplerScript/Round6/Morning,STM 3,287995954.8,2.207524592,0,0,76.29627365,NaN,-0.8610094562,3,3,2.48E-08,303995558,1.516981523,145.5208622,-15999603.26,61.03701895,NaN,-0.8663786285,22,22,5.38E-08
stm3_antenna_idle_1_288-1MHz.iq,stm3_antenna_idle_1_304-1MHz.iq,/home/jfeng/Desktop/Research/Fingerprinting/samplerScript/Round6/Morning,STM 3,287995863.2,2.0548936,0,0,45.7777642,NaN,-0.8622429174,19,7,1.49E-08,303995588.5,1.108580706,185.3625622,-15999725.33,76.29627371,NaN,-0.8658562815,22,22,4.80E-08
stm3_antenna_idle_1_288-1MHz.iq,stm3_antenna_idle_1_304-1MHz.iq,/home/jfeng/Desktop/Research/Fingerprinting/samplerScript/Round6/Morning,STM 3,287995909,2.803786472,0,0,30.51850951,NaN,-0.861610355,59,18,1.63E-08,303995741.1,1.038355707,270.0217712,-15999832.15,30.51850945,NaN,-0.8639749192,22,22,4.31E-08
stm3_antenna_idle_1_288-1MHz.iq,stm3_antenna_idle_1_304-1MHz.iq,/home/jfeng/Desktop/Research/Fingerprinting/samplerScript/Round6/Morning,STM 3,287996031.1,2.213809711,0,0,30.51850945,NaN,-0.8600861402,22,46,1.75E-08,303995848,1.456595375,151.9852218,-15999816.89,76.29627371,NaN,-0.8624505912,22,22,3.87E-08
stm3_antenna_idle_1_288-1MHz.iq,stm3_antenna_idle_1_304-1MHz.iq,/home/jfeng/Desktop/Research/Fingerprinting/samplerScript/Round6/Morning,STM 3,287995863.2,1.812529286,0,0,45.7777642,NaN,-0.862255127,150,150,1.83E-08,303995603.8,1.096177477,165.3499843,-15999740.59,45.7777642,NaN,-0.8650679448,22,22,3.23E-08
stm3_antenna_idle_1_288-1MHz.iq,stm3_antenna_idle_1_304-1MHz.iq,/home/jfeng/Desktop/Research/Fingerprinting/samplerScript/Round6/Morning,STM 3,287995741.1,0.6152673996,0,0,61.03701895,NaN,-0.8637384739,150,150,2.28E-08,303995863.2,1.195794886,51.45258661,-16000122.07,45.7777642,NaN,-0.862327727,22,22,4.14E-08
stm3_antenna_program_0_288-1MHz.iq,stm3_antenna_program_0_304-1MHz.iq,/home/jfeng/Desktop/Research/Fingerprinting/samplerScript/Round6/Morning,STM 3,287995985.3,22.95751011,0,0,61.03701895,NaN,-0.857014037,20,20,4.38E-09,303995939.5,9.452113028,242.8823062,-15999954.22,76.29627371,NaN,-0.863815312,25,70,1.78E-09
stm3_antenna_program_0_288-1MHz.iq,stm3_antenna_program_0_304-1MHz.iq,/home/jfeng/Desktop/Research/Fingerprinting/samplerScript/Round6/Morning,STM 3,287995985.3,25.33620995,0,0,61.03701895,NaN,-0.8578585294,12,12,4.70E-09,303995970,9.289035543,272.7539348,-15999984.74,137.3332927,NaN,-0.863114769,18,125,1.76E-09
stm3_antenna_program_0_288-1MHz.iq,stm3_antenna_program_0_304-1MHz.iq,/home/jfeng/Desktop/Research/Fingerprinting/samplerScript/Round6/Morning,STM 3,287995985.3,24.54590461,0,0,76.29627371,NaN,-0.8580848669,98,98,4.89E-09,303995710.6,9.605348143,255.5441431,-15999725.33,106.8147832,NaN,-0.8666752841,48,47,1.82E-09
stm3_antenna_program_0_288-1MHz.iq,stm3_antenna_program_0_304-1MHz.iq,/home/jfeng/Desktop/Research/Fingerprinting/samplerScript/Round6/Morning,STM 3,287996000.5,23.48949203,0,0,61.03701895,NaN,-0.8580397736,16,16,4.31E-09,303995771.7,10.91033465,215.2957978,-15999771.11,61.03701895,NaN,-0.8657947975,86,130,1.82E-09
stm3_antenna_program_0_288-1MHz.iq,stm3_antenna_program_0_304-1MHz.iq,/home/jfeng/Desktop/Research/Fingerprinting/samplerScript/Round6/Morning,STM 3,287996000.5,25.30374077,0,0,76.29627371,NaN,-0.857743727,18,18,4.98E-09,303995848,9.84738221,256.95906,-15999847.41,152.5925474,NaN,-0.865096714,49,55,2.00E-09
stm3_antenna_program_0_288-1MHz.iq,stm3_antenna_program_0_304-1MHz.iq,/home/jfeng/Desktop/Research/Fingerprinting/samplerScript/Round6/Morning,STM 3,287996000.5,25.16689984,0,0,106.8147832,NaN,-0.8569469612,71,71,4.92E-09,303995832.7,11.07770289,227.1851853,-15999832.15,61.03701895,NaN,-0.8648819474,48,22,1.69E-09
stm3_antenna_program_0_288-1MHz.iq,stm3_antenna_program_0_304-1MHz.iq,/home/jfeng/Desktop/Research/Fingerprinting/samplerScript/Round6/Morning,STM 3,287996000.5,24.6474721,0,0,76.29627371,NaN,-0.8572539947,80,80,4.95E-09,303995909,8.595985406,286.7323632,-15999908.44,91.55552846,NaN,-0.8642791349,120,50,1.61E-09
stm3_antenna_program_0_288-1MHz.iq,stm3_antenna_program_0_304-1MHz.iq,/home/jfeng/Desktop/Research/Fingerprinting/samplerScript/Round6/Morning,STM 3,287996000.5,24.75042219,0,0,76.29627371,NaN,-0.8578657284,64,64,5.56E-09,303995832.7,8.701190405,284.4486908,-15999832.15,167.8518021,NaN,-0.864866387,26,26,1.56E-09
stm3_antenna_program_1_288-1MHz.iq,stm3_antenna_program_1_304-1MHz.iq,/home/jfeng/Desktop/Research/Fingerprinting/samplerScript/Round6/Morning,STM 3,287996031.1,23.2534735,0,0,122.0740379,NaN,-0.8570993909,71,71,4.10E-09,303995573.3,7.591645811,306.3034562,-15999542.22,106.8147832,NaN,-0.8679937822,25,97,1.60E-09
stm3_antenna_program_1_288-1MHz.iq,stm3_antenna_program_1_304-1MHz.iq,/home/jfeng/Desktop/Research/Fingerprinting/samplerScript/Round6/Morning,STM 3,287995893.7,21.15421144,0,0,106.8147832,NaN,-0.8586731898,59,59,3.68E-09,303995558,10.4871754,201.7150532,-15999664.3,76.29627371,NaN,-0.8680706437,22,92,1.80E-09
stm3_antenna_program_1_288-1MHz.iq,stm3_antenna_program_1_304-1MHz.iq,/home/jfeng/Desktop/Research/Fingerprinting/samplerScript/Round6/Morning,STM 3,287996015.8,22.09496017,0,0,183.1110568,NaN,-0.857830842,17,17,4.62E-09,303995649.6,9.272517555,238.2843715,-15999633.78,61.03701895,NaN,-0.8674221403,47,114,2.02E-09
stm3_antenna_program_1_288-1MHz.iq,stm3_antenna_program_1_304-1MHz.iq,/home/jfeng/Desktop/Research/Fingerprinting/samplerScript/Round6/Morning,STM 3,287995985.3,25.80802525,0,0,167.8518021,NaN,-0.8581664596,99,99,5.80E-09,303995634.3,8.686065104,297.1198689,-15999649.04,76.29627371,NaN,-0.8676410343,84,133,1.59E-09
stm3_antenna_program_1_288-1MHz.iq,stm3_antenna_program_1_304-1MHz.iq,/home/jfeng/Desktop/Research/Fingerprinting/samplerScript/Round6/Morning,STM 3,287995970,22.20277679,0,0,152.5925474,NaN,-0.8574873002,102,102,3.86E-09,303995664.8,9.029322911,245.8963646,-15999694.81,61.0370189,NaN,-0.8667073783,25,130,1.52E-09
stm3_antenna_program_1_288-1MHz.iq,stm3_antenna_program_1_304-1MHz.iq,/home/jfeng/Desktop/Research/Fingerprinting/samplerScript/Round6/Morning,STM 3,287996046.3,22.49536785,0,0,152.5925474,NaN,-0.8568482673,104,104,3.47E-09,303995725.9,7.844774375,286.7560847,-15999679.56,91.5555284,NaN,-0.8657997632,34,25,1.47E-09
stm3_antenna_program_1_288-1MHz.iq,stm3_antenna_program_1_304-1MHz.iq,/home/jfeng/Desktop/Research/Fingerprinting/samplerScript/Round6/Morning,STM 3,287996046.3,21.09120905,0,0,152.5925474,NaN,-0.8561696434,80,80,3.65E-09,303995817.4,9.846253412,214.2054258,-15999771.11,91.55552846,NaN,-0.8651198866,47,137,1.51E-09
stm3_antenna_program_1_288-1MHz.iq,stm3_antenna_program_1_304-1MHz.iq,/home/jfeng/Desktop/Research/Fingerprinting/samplerScript/Round6/Morning,STM 3,287996061.6,20.50308117,0,0,91.55552846,NaN,-0.8559830729,17,17,3.10E-09,303995817.4,7.683799644,266.8351873,-15999755.85,76.29627371,NaN,-0.8647618166,25,30,1.42E-09